absolventka	Derivative
advokátka	Derivative
agentka	Derivative
aristokratka	Derivative
asistentka	Derivative
autorka	Derivative
barmanka	Derivative
baronesa	Derivative
baronka	Derivative
blondýnka	Derivative
bojovnice	Derivative
bouchačka	Derivative
brunetka	Derivative
básnířka	Derivative
schovanka	Derivative
vychovatelka	Derivative
ochránkyně	Derivative
cizinka	Derivative
celnice	Derivative
císařovna	Derivative
dárkyně	Derivative
diagnóza	Derivative
doktorka	Derivative
soudružka	Derivative
držitelka	Derivative
prodavačka	Derivative
obdivovatelka	Derivative
dědička	Derivative
dělnice	Derivative
domovnice	Derivative
existencialistka	Derivative
expertka	Derivative
farmářka	Derivative
feministka	Derivative
fešanda	Derivative
filozofka	Derivative
fotografka	Derivative
honička	Derivative
dohazovačka	Derivative
holubice	Derivative
hospodyně	Derivative
hostitelka	Derivative
hudebnice	Derivative
hraběnka	Derivative
hrdinka	Derivative
herečka	Derivative
obhájkyně	Derivative
hříšnice	Derivative
inspektorka	Derivative
instruktorka	Derivative
instrumentářka	Derivative
inženýrka	Derivative
vyjednavačka	Derivative
ještěrka	Derivative
nájemnice	Derivative
zajatkyně	Derivative
obchodnice	Derivative
předchůdkyně	Derivative
kadeřnice	Derivative
kamarádka	Derivative
kámoška	Derivative
kancléřka	Derivative
kapitánka	Derivative
klavíristka	Derivative
klenotnice	Derivative
uklízečka	Derivative
klientela	Derivative
klientka	Derivative
pokladnice	Derivative
knihovnice	Derivative
kněžka	Derivative
kolegyně	Derivative
komisařka	Derivative
komorná	Derivative
kořalka	Derivative
krasavice	Derivative
kuchařka	Derivative
kuplířka	Derivative
zákaznice	Derivative
lhářka	Derivative
listonoška	Derivative
loutnistka	Derivative
lovkyně	Derivative
lékařka	Derivative
malířka	Derivative
manekýnka	Derivative
manželka	Derivative
masérka	Derivative
medička	Derivative
medvědice	Derivative
milostpaní	Derivative
milenka	Derivative
ministryně	Derivative
mladice	Derivative
nemocná	Derivative
pomocnice	Derivative
modelka	Derivative
motorka	Derivative
mučednice	Derivative
mulatka	Derivative
muslimka	Derivative
myslitelka	Derivative
zaměstnankyně	Derivative
majitelka	Derivative
měšťačka	Derivative
naivka	Derivative
nástupkyně	Derivative
návštěvnice	Derivative
nešťastnice	Derivative
novomanželka	Derivative
novinářka	Derivative
náměstkyně	Derivative
nositelka	Derivative
koordinátorka	Derivative
otrokyně	Derivative
pacientka	Derivative
panna	Derivative
panovnice	Derivative
paní	Derivative
partnerka	Derivative
pasažérka	Derivative
patronka	Derivative
pianistka	Derivative
podnikatelka	Derivative
pokojská	Derivative
policajtka	Derivative
policistka	Derivative
politička	Derivative
poslankyně	Derivative
právnička	Derivative
uprchlice	Derivative
premiérka	Derivative
prezidentka	Derivative
princezna	Derivative
profesorka	Derivative
prostitutka	Derivative
pracovnice	Derivative
psychoanalytička	Derivative
psycholožka	Derivative
písařka	Derivative
pastýřka	Derivative
pěstounka	Derivative
pěvkyně	Derivative
poradkyně	Derivative
zrádkyně	Derivative
redaktorka	Derivative
samice	Derivative
předsedkyně	Derivative
místopředsedkyně	Derivative
selka	Derivative
sekretářka	Derivative
senátorka	Derivative
sestřenka	Derivative
následovnice	Derivative
posluhovačka	Derivative
služebnice	Derivative
příslušnice	Derivative
posluchačka	Derivative
snoubenka	Derivative
socialistka	Derivative
sokyně	Derivative
odsouzená	Derivative
soudkyně	Derivative
sousedka	Derivative
spolunocležnice	Derivative
spolupracovnice	Derivative
sportovkyně	Derivative
správkyně	Derivative
starostka	Derivative
stařena	Derivative
stoupenkyně	Derivative
striptérka	Derivative
strůjkyně	Derivative
studentka	Derivative
představená	Derivative
představitelka	Derivative
stavebnice	Derivative
přistěhovalkyně	Derivative
zprostředkovatelka	Derivative
střelkyně	Derivative
strážkyně	Derivative
strážnice	Derivative
svatba	Derivative
světice	Derivative
tajemnice	Derivative
tchyně	Derivative
technička	Derivative
telegrafistka	Derivative
tlumočnice	Derivative
tulačka	Derivative
trafikantka	Derivative
trhovkyně	Derivative
trubice	Derivative
trubka	Derivative
trpaslice	Derivative
tužka	Derivative
třicátnice	Derivative
uličnice	Derivative
umělkyně	Derivative
učednice	Derivative
učitelka	Derivative
velvyslankyně	Derivative
venkovanka	Derivative
viceprezidentka	Derivative
vlastenka	Derivative
vlčice	Derivative
vládkyně	Derivative
vodnice	Derivative
vražedkyně	Derivative
vrstevnice	Derivative
vyslankyně	Derivative
odbornice	Derivative
podvodnice	Derivative
uvaděčka	Derivative
vůdkyně	Derivative
závodnice	Derivative
důvěrnice	Derivative
vědkyně	Derivative
zvědy	Derivative
věštkyně	Derivative
zástupkyně	Derivative
zbrojnice	Derivative
zdravotnice	Derivative
zrzka	Derivative
zlodějka	Derivative
zpěvačka	Derivative
dozorkyně	Derivative
čarodějka	Derivative
čarodějnice	Derivative
černoška	Derivative
čertice	Derivative
členka	Derivative
čtyřicátnice	Derivative
účastnice	Derivative
čtenářka	Derivative
číšnice	Derivative
ředitelka	Derivative
řidička	Derivative
šachovnice	Derivative
šampionka	Derivative
ošetřovatelka	Derivative
školačka	Derivative
šlechtična	Derivative
špionáž	Derivative
štětka	Derivative
švagrová	Derivative
šéfka	Derivative
šéfredaktorka	Derivative
židovka	Derivative
žebračka	Derivative
žalobkyně	Derivative
žákyně	Derivative
