носи́лки	Derivative
усмешка	Derivative
поросенок	Derivative
фонтан	Unmotivated
качество	Derivative
блюдечко	Derivative
козявка	Derivative
книжка	Derivative
подносок	Derivative
разде́л	Derivative
вани́ль	Derivative
лира	Unmotivated
кончик	Derivative
город	Derivative
лосьон	Unmotivated
части́ца	Derivative
мизинец	Derivative
хвощ	Unmotivated
хот-дог	Compound
мельница	Derivative
кошечка	Derivative
бечевка	Derivative
рапс	Derivative
салфетка	Derivative
рюмка	Derivative
бачок	Derivative
крышка	Derivative
чулка	Derivative
бусина	Derivative
бутерброд	Derivative
визитка	Derivative
коля́ска	Derivative
грудь	Derivative
постелька	Derivative
дамское бельё	Phrase
кио́ск	Derivative
тетка	Derivative
силок	Derivative
ма́льчик	Derivative
стре́лка	Derivative
любо́вное свида́ние	Phrase
деревушка	Derivative
расписка	Derivative
помост	Derivative
гвозди́ка	Derivative
капюшон	Derivative
пантало́ны	Derivative
алюми́ний	Derivative
безымянный палец	Phrase
зубная щётка	Phrase
бокал	Unmotivated
полочка	Derivative
долька	Derivative
словарик	Derivative
роща	Unmotivated
ка́пелька	Derivative
жереби́ца	Derivative
на́трий	Derivative
по́вод	Derivative
поблядунья	Derivative
рябь	Derivative
персона	Unmotivated
череп	Derivative
пти́чка	Derivative
лодка	Derivative
ми́шка	Derivative
навес	Derivative
часах	Unmotivated
скорая	Unmotivated
пузырь	Derivative
кисть	Derivative
шквал	Unmotivated
редис	Unmotivated
садик	Derivative
шиворот	Derivative
муженек	Derivative
волдырь	Derivative
флюгер	Derivative
повязка на голову	Phrase
доносчик	Derivative
ампула	Unmotivated
гимнастерка	Derivative
котело́к	Derivative
мышело́вка	Derivative
звон	Derivative
клапан	Derivative
барашек	Derivative
исток	Derivative
петля	Derivative
фрегат	Derivative
сад	Derivative
сетка	Derivative
ху́тор	Derivative
зерновка	Derivative
баннерет	Derivative
дедушкин табак	Phrase
ёлка	Derivative
марионетка	Derivative
па́чка	Derivative
час	Derivative
венок	Derivative
скрепка	Derivative
овца	Unmotivated
гвоздика	Derivative
гематоци́т	Derivative
ло́мтик	Derivative
деталь	Derivative
усы	Unmotivated
зрачок	Derivative
концовка	Derivative
опрятность	Derivative
прадедушка	Derivative
ящичек	Derivative
голубушка	Derivative
крыло	Derivative
осень	Derivative
мизинец	Derivative
санитарная машина	Phrase
товар	Derivative
ярлы́к	Derivative
ожерелье	Derivative
тру́бочка	Derivative
часах	Unmotivated
щека́	Derivative
эскиз	Derivative
маргаритка	Derivative
подрайон	Derivative
такса	Derivative
календула	Derivative
тропинка	Derivative
брюшко	Derivative
остров	Derivative
стремянка	Derivative
тетерев	Derivative
буржуйка	Derivative
диск	Derivative
лопасть	Derivative
баловник	Derivative
ремень	Derivative
рюмка	Derivative
латиница	Derivative
дро́жжи	Derivative
зеркало	Derivative
прибор	Derivative
первоцвет	Derivative
известия	Derivative
ку́бик	Derivative
тросточка	Derivative
пого́н	Derivative
портфель	Derivative
колорадский жук	Phrase
зеница	Derivative
верши́на	Derivative
дурочка	Derivative
бугор	Derivative
жажда	Derivative
мини-приложение	Compound
сили́ций	Derivative
мозг	Derivative
богомол	Derivative
двор	Derivative
лепешка	Derivative
шейка	Derivative
щека́	Derivative
поп	Derivative
розе́тка	Derivative
букетик	Derivative
божья коровка	Phrase
приём	Unmotivated
ключица	Derivative
молодец	Derivative
цветочек	Derivative
сковорода	Derivative
мозжечок	Derivative
домашняя работа	Phrase
отросток	Derivative
орешник	Derivative
проточка	Derivative
ролик	Derivative
серия	Derivative
моля́р	Derivative
бутылка	Derivative
пустяковина	Derivative
дюйм	Unmotivated
краса́вица	Derivative
жулик	Derivative
махра	Derivative
дощечка	Derivative
лошадка	Derivative
чайна ложка	Phrase
цыплёнок	Derivative
сре́дний па́лец	Phrase
канал	Derivative
сладость	Derivative
конфетка	Derivative
канатик	Derivative
зерно́	Derivative
самка	Derivative
лампочка	Derivative
стеклорез	Derivative
экземпля́р	Derivative
синица	Derivative
идиосинкразия	Derivative
недостача	Derivative
североамериканская голубая сойка	Phrase
ручеек	Derivative
девушка	Derivative
горох	Unmotivated
подразделе́ние	Derivative
аппликатор	Derivative
жёлоб	Unmotivated
гол	Derivative
клю́ква	Derivative
но́сик	Derivative
икона	Derivative
кегельбан	Derivative
картон	Derivative
звездочка	Derivative
холодильник	Derivative
рубашонка	Derivative
тропинка	Derivative
тетка	Derivative
пересече́ние	Derivative
па́почка	Derivative
пра́дед	Derivative
чашки	Unmotivated
титр	Unmotivated
зиморо́док	Derivative
ролик	Derivative
руба́нок	Derivative
кремень	Derivative
уголок	Derivative
холодильник	Derivative
пио́н	Derivative
капелька	Derivative
минутка	Derivative
баловник	Derivative
ярлык	Unmotivated
ящик	Derivative
порошо́к	Derivative
полотно	Derivative
пиджачок	Derivative
возлюбленная	Derivative
скамеечка	Derivative
кветочек	Derivative
свеча́ зажига́ния	Phrase
домо́вый сыч	Phrase
петух	Derivative
мину́та	Derivative
коробок	Derivative
стрекоза́	Derivative
морщинка	Derivative
собрание	Derivative
пробо́р	Derivative
коврик	Derivative
завязка	Derivative
шиповник	Derivative
шутник	Derivative
ветка	Derivative
пе́сенка	Derivative
свисто́к	Derivative
падре	Unmotivated
баловник	Derivative
покрышка	Derivative
венок	Derivative
рапа	Derivative
авиапредприя́тие	Derivative
мышь	Derivative
ангелочек	Derivative
мамочка	Derivative
вилы	Unmotivated
холодильник	Derivative
свинья́-копи́лка	Compound
маргаритка	Derivative
полёвка	Derivative
кандалы	Unmotivated
штанга	Unmotivated
ко́рень	Derivative
рыболо́вный крючо́к	Phrase
су́мочка	Derivative
нить	Derivative
табель	Derivative
крольчонок	Derivative
петля	Derivative
скрепер	Derivative
окно	Unmotivated
ушко	Derivative
вино	Unmotivated
подпо́рка	Derivative
те́нниска	Derivative
юла	Derivative
бокал	Unmotivated
табле́тка	Derivative
на́дпись	Derivative
мамка	Derivative
поблядунья	Derivative
восьма́я но́та	Phrase
дядя	Unmotivated
прибор	Derivative
кольцо	Derivative
крольчиха	Derivative
объем	Derivative
домохозяйка	Derivative
шпа́жник	Derivative
круглая скобка	Phrase
паб	Derivative
троица	Derivative
тру́бочка	Derivative
визитка	Derivative
миг	Derivative
внебра́чный ребёнок	Phrase
дитя́	Derivative
кляп	Unmotivated
ба́бушка	Derivative
поросенок	Derivative
уголь	Derivative
таксомото́р	Derivative
шутка	Derivative
рубилка	Derivative
водород	Derivative
