dračice	Derivative
ježovka	Derivative
prorokyně	Derivative
naivka	Derivative
čarodějnice	Derivative
klientela	Derivative
krasavice	Derivative
vychovatelka	Derivative
hlístice	Derivative
motorka	Derivative
dlužnice	Derivative
žákyně	Derivative
cizoložnice	Derivative
domovnice	Derivative
profesorka	Derivative
hostitelka	Derivative
srna	Derivative
prostitutka	Derivative
ještěrka	Derivative
číšnice	Derivative
převorka	Derivative
čarodějka	Derivative
obchodnice	Derivative
fotbalistka	Derivative
stopařka	Derivative
hosteska	Derivative
princezna	Derivative
lékařka	Derivative
klavíristka	Derivative
švagrová	Derivative
zpěvačka	Derivative
svůdkyně	Derivative
uklízečka	Derivative
pěvkyně	Derivative
dohazovačka	Derivative
herečka	Derivative
otrokyně	Derivative
modistka	Derivative
pomocnice	Derivative
návštěvnice	Derivative
nestoudnice	Derivative
prezidentka	Derivative
tužka	Derivative
básnířka	Derivative
psycholožka	Derivative
modelka	Derivative
cvičitelka	Derivative
kreslířka	Derivative
čtenářka	Derivative
cestovatelka	Derivative
císařovna	Derivative
manželka	Derivative
samice	Derivative
vlčice	Derivative
hraběnka	Derivative
saxofonistka	Derivative
politička	Derivative
příznivkyně	Derivative
kloboučnice	Derivative
tchyně	Derivative
trubice	Derivative
zbrojnice	Derivative
mniška	Derivative
sekretářka	Derivative
potápka	Derivative
inženýrka	Derivative
kadeřnice	Derivative
kosmetička	Derivative
učitelka	Derivative
gymnastka	Derivative
lyžařka	Derivative
kamarádka	Derivative
pastelka	Derivative
studentka	Derivative
starostka	Derivative
výtržnice	Derivative
architektka	Derivative
rolnice	Derivative
stevardka	Derivative
štětka	Derivative
špionáž	Derivative
pastýřka	Derivative
prodavačka	Derivative
atletka	Derivative
vokalistka	Derivative
voyeurka	Derivative
holubice	Derivative
bruslařka	Derivative
panna	Derivative
manikérka	Derivative
posluhovačka	Derivative
asistentka	Derivative
manekýnka	Derivative
hospodyně	Derivative
krejčová	Derivative
paní	Derivative
pávice	Derivative
umělkyně	Derivative
trubka	Derivative
řidička	Derivative
jmenovkyně	Derivative
kněžka	Derivative
kolegyně	Derivative
masérka	Derivative
kuchařka	Derivative
věštkyně	Derivative
politoložka	Derivative
palička	Derivative
hrdinka	Derivative
milovnice	Derivative
sportovkyně	Derivative
tenistka	Derivative
diplomatka	Derivative
opatrovatelka	Derivative
představená	Derivative
holubinka	Derivative
vodnice	Derivative
ošetřovatelka	Derivative
svatba	Derivative
podnikatelka	Derivative
byznysmenka	Derivative
milenka	Derivative
šachovnice	Derivative
soudružka	Derivative
sochařka	Derivative
policistka	Derivative
stařena	Derivative
novinářka	Derivative
kouzelnice	Derivative
diagnóza	Derivative
pastorkyně	Derivative
