aerolínea	Derivative
cenador	Derivative
aparata	Unmotivated
paquete	Derivative
albahaca	Unmotivated
templo	Unmotivated
cigarrito	Derivative
cuadrilla	Derivative
regalillo	Derivative
sidrería	Derivative
vasito	Derivative
parquecitos	Unmotivated
tricotín	Derivative
bandota	Derivative
ceratocapnos	Derivative
cepillo	Derivative
arbusto	Unmotivated
arbusto	Unmotivated
dedosel	Derivative
barecillo	Derivative
talladura	Derivative
mini-piso	Compound
cuadro	Unmotivated
orquidea	Derivative
mezcalero	Derivative
rampa	Unmotivated
cañizo	Derivative
monumento	Unmotivated
figurita	Derivative
cuna-cama	Compound
programilla	Derivative
aparatología	Derivative
ribete	Derivative
faenilla	Derivative
vértice	Unmotivated
pijamita	Derivative
canción	Unmotivated
sorpresón	Derivative
cuentapasos	Derivative
vermutillo	Derivative
miniteclas	Compound
pipiripi	Unmotivated
seriefilo	Compound
mini-huerto	Compound
diccionario	Derivative
estatuilla	Derivative
arbolito	Derivative
stand	Unmotivated
saloncillo	Derivative
suéter	Derivative
trolero	Unmotivated
guerras	Unmotivated
ventilador	Derivative
ambulancia	Derivative
boton	Unmotivated
pantilla	Derivative
rótulo	Derivative
