babička	Derivative
balíček	Derivative
blbeček	Derivative
bouřka	Derivative
bradavka	Derivative
brouček	Derivative
brusinka	Derivative
bubínek	Derivative
cestička	Derivative
chladnička	Derivative
chlapík	Unmotivated
záchranka	Derivative
choutka	Derivative
chvilka	Derivative
cukrovinka	Derivative
dečka	Derivative
drahoušek	Derivative
dvorek	Derivative
děvka	Derivative
dědeček	Derivative
dědinka	Derivative
pradědeček	Derivative
džbánek	Derivative
hadička	Derivative
halenka	Derivative
hlinka	Derivative
hliník	Derivative
hodinka	Derivative
holubička	Derivative
holčička	Derivative
hospodyňka	Derivative
hospůdka	Derivative
hubička	Derivative
hrabošík	Derivative
zahrádka	Derivative
hrbolek	Derivative
jehňátko	Derivative
schodek	Derivative
kabelka	Derivative
kalhotky	Derivative
kladka	Derivative
knížka	Derivative
knírek	Derivative
kobereček	Derivative
kolečko	Derivative
kopeček	Derivative
kočárek	Derivative
košík	Derivative
košilka	Derivative
krabička	Derivative
krvinka	Derivative
krček	Derivative
kroužek	Derivative
králík	Unmotivated
kufřík	Derivative
kvítek	Derivative
květinka	Derivative
kytička	Derivative
křemík	Unmotivated
lahvička	Derivative
lahůdka	Derivative
lebka	Derivative
lednička	Derivative
ledňáček	Derivative
linka	Unmotivated
loďka	Derivative
líčko	Derivative
malíček	Derivative
mazlíček	Derivative
medvídek	Derivative
miláček	Derivative
miminko	Derivative
mlýnek	Derivative
pomůcka	Derivative
modřinka	Derivative
mraznička	Derivative
mužíček	Derivative
myška	Derivative
měchýřek	Derivative
navštívenka	Derivative
nevěstka	Derivative
novinka	Derivative
obrázek	Derivative
okrsek	Derivative
oprátka	Derivative
ovečka	Derivative
panenka	Derivative
polička	Derivative
pramének	Derivative
prasátko	Derivative
přípravka	Derivative
primulka	Derivative
prádélko	Derivative
puchýřek	Derivative
pupínek	Derivative
spalničky	Derivative
párek	Derivative
písnička	Derivative
ramínko	Derivative
rarášek	Derivative
samička	Derivative
sanitka	Derivative
sekáček	Derivative
selátko	Derivative
sestřička	Derivative
skřítek	Derivative
slabůstka	Derivative
sloupek	Derivative
sodík	Derivative
stupínek	Derivative
strojek	Derivative
strýček	Derivative
prostředníček	Derivative
svíčka	Derivative
solnička	Derivative
tabáček	Derivative
tatíček	Derivative
tatínek	Derivative
taxík	Derivative
tetka	Derivative
tetička	Derivative
tetřívek	Derivative
tkanička	Derivative
tričko	Derivative
stvrzenka	Derivative
tácek	Unmotivated
uhlík	Derivative
vepřík	Derivative
vesnička	Derivative
vizitka	Derivative
vlček	Derivative
vodička	Derivative
vodík	Derivative
kolovrátek	Derivative
vteřinka	Derivative
vtipálek	Derivative
vážka	Derivative
víčko	Derivative
věcička	Derivative
povídálek	Derivative
věneček	Derivative
závorka	Derivative
zárodek	Derivative
čertík	Derivative
článek	Derivative
náčrtek	Derivative
součástka	Derivative
částečka	Derivative
řemínek	Derivative
školka	Derivative
štěteček	Derivative
živáček	Derivative
