Fluglinie	Compound
Affäre	Unmotivated
Pavillon	Derivative
Stelle	Unmotivated
Engelchen	Derivative
Schnee-Engel	Compound
Spielzeugauto	Compound
Großmutter	Compound
Paket	Unmotivated
Science-Fiction-Kram	Compound
Schenkeldruck	Compound
Kopf	Unmotivated
Narr	Unmotivated
Bauernblusen	Compound
Haufen	Unmotivated
Kümmelfrücht	Compound
Biskuittörtchen	Compound
Babyschuh	Compound
Schuh	Unmotivated
Sturm	Unmotivated
Titte	Unmotivated
Chip	Unmotivated
Chip	Unmotivated
Gatter	Unmotivated
Cousin	Unmotivated
Bruder	Unmotivated
Herzblatt	Compound
Käfer	Unmotivated
Broschüre	Compound
Preiselbeeren	Compound
Brčko-Distrikt	Compound
Bläschen	Unmotivated
Modell	Unmotivated
Kuchen	Unmotivated
Weckruf	Compound
Stachelarmband	Compound
Reitsport	Compound
Kräuter	Derivative
Wohnung	Derivative
Oma	Unmotivated
Fischerkorb	Compound
Schmerz	Unmotivated
Karte	Unmotivated
Weg	Unmotivated
Haus	Unmotivated
Gerät	Unmotivated
Kind	Unmotivated
Mensch	Unmotivated
Brötchen	Unmotivated
Freischneider	Compound
Typ	Unmotivated
Geschmack	Unmotivated
Versagerin	Derivative
Minute	Unmotivated
Zeit	Unmotivated
Zeit	Unmotivated
Fehler	Derivative
Fehler	Derivative
Scorpy-Sue	Compound
Blumenzwiebel	Compound
Zigarette	Unmotivated
Zigeunerin	Derivative
Zuckerwaren	Compound
Süß	Unmotivated
Zucker	Unmotivated
Anbieter	Compound
Depression	Derivative
Plättchen	Derivative
Gamasche	Unmotivated
Schirmchen	Derivative
Show	Unmotivated
Überraschungstüte	Compound
Arzt	Unmotivated
Grübchen	Derivative
Puppenhaus	Compound
Törtchen	Unmotivated
Törtchen	Unmotivated
Urlaub	Unmotivated
Lieblingen	Compound
Stelle	Unmotivated
Seele	Unmotivated
Garten	Unmotivated
Außentür	Compound
Dynamik	Derivative
Turnübung	Compound
Geschenk	Derivative
Teil	Unmotivated
Kind	Unmotivated
Mädchen	Unmotivated
Alter	Unmotivated
Großvater	Compound
Sprecher	Derivative
Kind	Unmotivated
Kongreßwahl	Compound
Wüstenfuchs	Compound
Veilchen	Unmotivated
Figur	Unmotivated
Druckkugelschreiber	Compound
Flasche	Unmotivated
Einsprengsel	Compound
Herr	Unmotivated
Konsolfräsmaschinen	Compound
Sportübung	Compound
Gummibänder	Compound
Schlauch	Unmotivated
Mikrofasertuch	Compound
Blusen	Unmotivated
Aluminium	Unmotivated
Dummchen	Derivative
Hopfenzapfen	Compound
Liebesnest	Compound
Uhr	Unmotivated
Uhr	Unmotivated
Täubchen	Derivative
Kind	Unmotivated
Hausfrau	Compound
Restaurant	Unmotivated
Hotel	Unmotivated
Scheiße	Unmotivated
Stunde	Unmotivated
Pommes-Frites-Brater	Compound
Turteltaube	Compound
Tasse	Unmotivated
Möwen-Tasse	Compound
Tasse	Unmotivated
Haufen	Unmotivated
Weintraube	Compound
Handvoll	Compound
Erbse	Unmotivated
Herbstpfeifgans	Compound
Sternchen	Derivative
Problem	Unmotivated
Nagel-	Compound
Gewürznelke	Compound
Stäbchen	Derivative
Apfel	Unmotivated
Zunge	Unmotivated
Einheit	Derivative
Nadelkissen	Compound
Lämmchen	Derivative
Krippe	Unmotivated
Dachshund	Compound
Bereich	Derivative
Funk	Unmotivated
Plan	Unmotivated
Tasche	Unmotivated
Kabine	Unmotivated
Ente	Unmotivated
Kaffee	Unmotivated
Schlüpfer	Derivative
Freund	Unmotivated
Oberflächenmatte	Compound
Kanarienvogel	Compound
Taschentücher	Compound
Säuretröpfchen	Compound
Stelle	Unmotivated
Stockinette	Compound
Rotkäppchen	Compound
Karte	Unmotivated
Zahnbürste	Compound
Spendenbüchse	Compound
Ente	Unmotivated
Kindergartenknet	Compound
Staude	Unmotivated
Stab	Unmotivated
Hämmerchen	Derivative
Spielgefährtin	Compound
Loch	Unmotivated
Aluminiumprofil	Compound
Samenknäuel	Compound
Schlüssel	Unmotivated
Manschettenknopf	Compound
Buch	Unmotivated
Buch	Unmotivated
Kapitel	Unmotivated
Donut	Unmotivated
Heuschrecken	Compound
Abzug	Unmotivated
Schubkarre	Compound
Kuchen	Unmotivated
Knieschlag	Compound
Wäscheklammer	Compound
Netz	Unmotivated
Teekessel	Compound
Pferdchen	Derivative
Currahee	Derivative
Funktion	Unmotivated
Perle	Unmotivated
Kirche	Unmotivated
Knochen	Unmotivated
Würfel	Unmotivated
Kostüm	Unmotivated
Verhüttung	Derivative
Teil	Unmotivated
Mundwinkel	Compound
Titte	Unmotivated
Baldrianwurzel	Compound
Katze	Unmotivated
Kinderwage	Compound
Wurzel	Unmotivated
Nachthemd	Compound
Korb	Unmotivated
Rückenteil	Compound
Kätzchen	Derivative
Behälter	Unmotivated
Landschaft	Derivative
Muh-Kuh	Compound
Garnelenfang	Compound
Kotelettsträng	Compound
Preis	Unmotivated
Blutkörperchen	Compound
Kaninchen	Derivative
Häschen	Unmotivated
Laden	Unmotivated
Frau	Unmotivated
Schritt	Unmotivated
Gesicht	Unmotivated
Gottesanbeterin	Compound
Geschnörkel	Unmotivated
Koffer	Unmotivated
Fotze	Derivative
Nüttchen	Compound
Küken	Unmotivated
Hefeindustrie	Compound
Pflänzchen	Derivative
Tüllblumen	Compound
Goldregen	Compound
Kaffee	Unmotivated
Silizium	Derivative
Stuhl	Unmotivated
Kreuz	Unmotivated
Nagelhaut	Compound
Flasche	Unmotivated
Feinkostladen	Compound
Ohrläppchen	Compound
Nachtlicht	Compound
Abreißseil	Compound
Wiesel-Aufstand	Compound
Parkbank	Compound
Anspruch	Unmotivated
Schädel	Unmotivated
Kühlschrank	Compound
Pappe	Unmotivated
Lesben	Unmotivated
Ticket	Derivative
Broschüre	Compound
Anlage	Unmotivated
Schiff	Unmotivated
Schulterblatt	Compound
Schiff	Unmotivated
Chip	Unmotivated
Hinterhalt	Compound
Kragen	Unmotivated
Teelöffel	Compound
Stiefmütterchen	Compound
Hydro-Pistole	Compound
Finger	Derivative
Göttergatte	Compound
Karte	Unmotivated
Rheumasalbe	Compound
Fleisch	Unmotivated
Mutter	Unmotivated
Erde	Unmotivated
Schmusekater	Compound
Haustier	Compound
Maschine	Unmotivated
Schleife	Unmotivated
Kuschelbärzeug	Compound
Ordnung	Derivative
Kind	Unmotivated
Minute	Unmotivated
Milch	Unmotivated
Gewürzmühl	Compound
Gebet	Unmotivated
Augenblick	Compound
Knochen	Unmotivated
Fischmehl	Compound
Kleinhirn	Compound
Haushaltskühl-	Compound
Karotte	Unmotivated
Schlaganfall	Compound
Wölkchen	Derivative
Kaurimuschel	Compound
Wichtelmännchen	Compound
Maus	Unmotivated
Stelle	Unmotivated
Stelle	Unmotivated
Städtchen	Derivative
Periode	Unmotivated
Netz	Unmotivated
Nebennierenrind	Compound
Visitenkarte	Compound
Faden	Unmotivated
Bahr	Unmotivated
Neuigkeit	Derivative
Beinchen	Derivative
Fuß	Unmotivated
Ausrüstung	Derivative
Flüssigkeitsbehälter	Compound
Zufall	Unmotivated
Floop-Fluffle-Mord	Compound
Skizze	Unmotivated
Geschäft	Unmotivated
Kostüm	Unmotivated
Gesicht	Unmotivated
Rauchschwade	Compound
Brillenfassung	Compound
Abbildung	Derivative
Sicherheitsdienst	Compound
Anstecker	Derivative
Feuer	Unmotivated
Laufstall	Compound
Revier	Unmotivated
CO2-Masse	Compound
Krankschreibung	Compound
Affe	Unmotivated
Schling	Unmotivated
Porzellanesel	Compound
Nummer	Unmotivated
Insel	Unmotivated
Programm	Unmotivated
Muskat	Unmotivated
Hasenpfote	Compound
Gruppe	Unmotivated
Frau	Unmotivated
Mister	Unmotivated
Chilierzeugnissen	Compound
Papier	Unmotivated
Partie	Unmotivated
Fall	Unmotivated
Pause	Unmotivated
Hund	Unmotivated
Hündchen	Unmotivated
Geld	Unmotivated
Perlhühner	Compound
Decke	Unmotivated
Feder	Unmotivated
Busfahrer	Compound
Stelle	Unmotivated
Bier	Unmotivated
Pfingstrose	Compound
Programm	Unmotivated
Planet	Unmotivated
Schuh	Unmotivated
Vollherde	Compound
Kartenmaterial	Compound
Zitrone	Unmotivated
Umhang	Unmotivated
Grund	Unmotivated
Kassette	Unmotivated
Verschluß	Unmotivated
Zimmer	Unmotivated
Zimmer	Unmotivated
Fach	Unmotivated
Hälfte	Unmotivated
Strich	Unmotivated
Prüfpfad	Compound
Montage	Unmotivated
Zeichentrickfigur	Compound
Kinderbett	Compound
Sumpfgeland	Compound
Zertifikat	Derivative
Ordnung	Derivative
Urgroßvater	Compound
Brunnenstrahl	Compound
Flagge	Derivative
Reptilspeichel	Compound
Ur-Ur-Großmutter	Compound
Schweinerei	Compound
Schweinchen	Derivative
Hintern	Derivative
Prinzesschen	Compound
Prinz	Unmotivated
Holzfriese	Compound
Klobrille	Compound
Problem	Unmotivated
Streifen	Unmotivated
Schnur	Unmotivated
Zuckerschnute	Compound
Finger	Derivative
Ringellöckchen	Compound
Geschäft	Unmotivated
Wäscheschrank	Compound
Wäsche	Unmotivated
Pulverform	Compound
Schnittpunkt	Compound
Brief	Unmotivated
Schoßhündchen	Compound
Vögelchen	Derivative
Millionenpudel	Compound
Luftpumpe	Compound
Punkt	Unmotivated
Riesenpickel	Compound
Mund	Unmotivated
Hausfrau	Compound
Pfanne	Unmotivated
Würstchen	Derivative
Paar	Unmotivated
Schalter	Derivative
Schmollmündchen	Compound
Buchstabe	Compound
Lied	Unmotivated
Pfeife	Derivative
Gettofaust	Compound
Reißzwecken	Compound
Karte	Unmotivated
Tankmischung	Compound
Unterstand	Unmotivated
Freund	Unmotivated
Monster	Unmotivated
Hälfte	Unmotivated
Bügel	Unmotivated
Familie	Unmotivated
Fußmatte	Compound
Rolle	Derivative
Pizzabrötchen	Compound
Affäre	Unmotivated
Wetterfrau	Compound
Pflanzen	Derivative
Gummiknebel	Compound
Mädchen	Unmotivated
Samthandschuh	Compound
Uhrzeigersinn	Compound
Hand	Unmotivated
Fisch	Unmotivated
Goldfisch	Compound
Goldfischteich	Compound
Kasten	Unmotivated
Marzipanblumen	Compound
Männchen	Derivative
Weibchen	Derivative
Isolationshaft	Compound
Ambulanz	Derivative
Defizit	Derivative
Prozessor	Derivative
Treffen	Unmotivated
Szene	Unmotivated
Gänseblümchen	Compound
Nummer	Unmotivated
Hackmesser	Compound
Saatgut	Compound
Schwesterchen	Derivative
Pfadfinder	Compound
Glas	Unmotivated
Glas	Unmotivated
Lungenbläschen	Compound
Objektträger	Compound
Loch	Unmotivated
Gruppe	Unmotivated
Punkt	Unmotivated
Metallschrank	Compound
Mann	Unmotivated
Eiererzeugung	Compound
Frau	Unmotivated
Lenksäule	Compound
Spalte	Derivative
Wort	Unmotivated
Sonne	Unmotivated
-Interessenpolitik	Compound
Träne	Unmotivated
Streichhölzchen	Compound
Zauberwort	Compound
Natrium	Unmotivated
Azurblaurab	Derivative
Salzstreuer	Compound
Bestandteil	Compound
Statuetten	Compound
Masern-Mumps-Röteln-Impfstoff	Compound
Einsteckkämme	Compound
Spaß	Unmotivated
Bambi-Blick	Compound
Oma	Unmotivated
Froschschenkel	Compound
Tisch	Unmotivated
Tisch	Unmotivated
Backenzahn	Compound
Essensgutschein	Compound
Uhrwerk	Compound
Weihnachtsbaum	Compound
Weihnachten	Compound
Seiten	Unmotivated
Onkel	Unmotivated
Kindergartenalter	Compound
Band	Unmotivated
Quittung	Derivative
Kiosk	Unmotivated
Glasschuh	Compound
Teil	Unmotivated
Summe	Unmotivated
Frühstückscerealie	Compound
Lieblingspullover	Compound
Stall	Unmotivated
Programm	Unmotivated
Kerze	Unmotivated
Sorge	Unmotivated
Netz	Unmotivated
Stelle	Unmotivated
Tabelle	Unmotivated
Tanz	Unmotivated
Vater	Unmotivated
Vater	Unmotivated
Verfahren	Unmotivated
Tasche	Unmotivated
Tantchen	Unmotivated
Kraft	Unmotivated
Schnürsenkel	Compound
Kängurupfote	Compound
Geburtstagsgra	Compound
Schmuck	Unmotivated
Hemd	Unmotivated
Kleeblatt	Compound
Dreieck	Compound
Hauch	Unmotivated
Wasser	Unmotivated
Zwerg	Unmotivated
Heftchen	Derivative
Aussehen	Unmotivated
Dummerle	Unmotivated
Stab	Unmotivated
Untersetzer	Compound
Körper	Unmotivated
Sahnehäubchen	Compound
Serviette	Unmotivated
Artikel	Unmotivated
Sackgasse	Compound
Memmen	Unmotivated
Muffin	Derivative
Dorf	Unmotivated
Partei	Unmotivated
Gabel	Unmotivated
Visitenkarte	Compound
Welle	Unmotivated
Seite	Unmotivated
Eisenbahn	Compound
Wasser	Unmotivated
Urheber	Unmotivated
Wasserstoff	Compound
Soldat	Derivative
Reiher	Derivative
Rollstuhl	Compound
Berggipfel	Compound
Sorge	Unmotivated
Spille	Unmotivated
Spitze	Derivative
Minute	Unmotivated
Probe	Derivative
Lockpfeifen	Compound
Krieg	Unmotivated
Radbremszylinder	Compound
Stelle	Unmotivated
Wein	Unmotivated
Artikel	Unmotivated
Bambussprossen	Compound
Bienchen	Derivative
Biene	Unmotivated
Gerät	Unmotivated
Köder	Unmotivated
Unschuld	Derivative
Zweig	Unmotivated
Hinterleib	Compound
Karte	Unmotivated
Häschen	Unmotivated
Prösterchen	Derivative
Schein	Unmotivated
Amateur	Derivative
Eis	Unmotivated
Zeichen	Unmotivated
Aussprachezeichen	Compound
Pupille	Unmotivated
Singvögelchen	Compound
Rückspiegel	Compound
Reiskorn	Compound
Toilette	Derivative
Krankenwage	Compound
Schloß	Unmotivated
Kokon	Unmotivated
Verderbniserreger	Compound
Schmutzfänger	Compound
Klammer	Derivative
Lachschlangen	Compound
Grinsen	Unmotivated
Teechen	Unmotivated
Stirnbänder	Compound
Flaschenkapsel	Compound
Gummiwurm	Compound
Gewicht	Unmotivated
Mensch	Unmotivated
Artikel	Unmotivated
Schokolade	Unmotivated
Hund	Unmotivated
Plastikdinger	Compound
Partikel	Unmotivated
Betrag	Unmotivated
Teufelfreund	Compound
Wimperntusche	Compound
Radieschen	Unmotivated
Leine	Unmotivated
Raps-	Compound
Anhänger	Derivative
Blitzblank	Compound
Garten	Unmotivated
Vorderkappe	Compound
Schraube	Unmotivated
Schriftgießen	Compound
Hund	Unmotivated
Tasse	Unmotivated
Tasse	Unmotivated
Chef	Unmotivated
Hagebutte	Compound
Schnur	Unmotivated
Fröschchen	Derivative
Entenbrüstchen	Compound
Leiter	Unmotivated
Liste	Unmotivated
Schildkröte	Compound
Ärmelaufschlag	Compound
Eisen	Unmotivated
Frau	Unmotivated
Streich	Unmotivated
Stuhl	Unmotivated
Seele	Unmotivated
