aerolinka	Derivative
aférka	Derivative
altánek	Derivative
ampulka	Derivative
andílek	Derivative
andělíček	Derivative
autíčko	Derivative
babička	Derivative
balíček	Derivative
berlička	Derivative
bičík	Derivative
blbeček	Derivative
blázínek	Derivative
blůzka	Derivative
bobek	Derivative
bobulka	Derivative
bochánek	Derivative
botička	Derivative
botka	Derivative
bouřka	Derivative
bradavka	Derivative
brambůrek	Derivative
brambůrka	Derivative
branka	Derivative
bratránek	Derivative
bratříček	Derivative
broskvička	Derivative
brouček	Derivative
brožurka	Derivative
brusinka	Derivative
brčko	Derivative
bublinka	Derivative
bubínek	Derivative
buchtička	Derivative
budíček	Derivative
bundička	Derivative
buřinka	Derivative
bylinka	Derivative
byteček	Derivative
bábinka	Derivative
bójka	Derivative
bříško	Derivative
cedulka	Derivative
cestička	Derivative
chatka	Derivative
chladnička	Derivative
chlapeček	Derivative
chlapík	Derivative
chlebíček	Derivative
chloupek	Derivative
chlápek	Derivative
choutka	Derivative
chudinka	Derivative
chvilinka	Derivative
chvilička	Derivative
chvilka	Derivative
chybička	Derivative
chybka	Derivative
chůvička	Derivative
cibulka	Derivative
cigaretka	Derivative
cikánek	Derivative
cukrovinka	Derivative
cukrátko	Derivative
cukřík	Derivative
cévka	Derivative
depka	Derivative
destička	Derivative
dečka	Derivative
deštníček	Derivative
divadýlko	Derivative
dobrůtka	Derivative
doktůrek	Derivative
dolíček	Derivative
domeček	Derivative
dortík	Derivative
dortíček	Derivative
dovolenka	Derivative
drahoušek	Derivative
drápek	Derivative
dušička	Derivative
dvorek	Derivative
dvířka	Derivative
dynamika	Derivative
dámička	Derivative
dáreček	Derivative
dílek	Derivative
dítko	Derivative
dívenka	Derivative
dědek	Derivative
dědeček	Derivative
děvka	Derivative
děvčátko	Derivative
džbánek	Derivative
fenka	Derivative
fialka	Derivative
figurka	Derivative
fixka	Derivative
flaštička	Derivative
flíček	Derivative
fotřík	Derivative
frézka	Derivative
fyzička	Derivative
gumička	Derivative
hadička	Derivative
hadřík	Derivative
halenka	Derivative
hliník	Derivative
hlupáček	Derivative
hlávka	Derivative
hnízdečko	Derivative
hodinka	Derivative
hodinky	Derivative
holubička	Derivative
holčička	Derivative
hospodyňka	Derivative
hospůdka	Derivative
hotýlek	Derivative
hovínko	Derivative
hoďka	Derivative
hranolek	Derivative
hrdlička	Derivative
hrnek	Derivative
hrneček	Derivative
hrníček	Derivative
hromádka	Derivative
hrozinka	Derivative
hrstka	Derivative
hrášek	Derivative
husička	Derivative
hvězdička	Derivative
háček	Derivative
hřebík	Derivative
hřebíček	Derivative
hůlka	Derivative
jablíčko	Derivative
jazýček	Derivative
jednotka	Derivative
jehelníček	Derivative
jehňátko	Derivative
jesličky	Derivative
jezevčík	Derivative
jezírko	Derivative
jiskřička	Derivative
jídelníček	Derivative
kabelka	Derivative
kabinka	Derivative
kachnička	Derivative
kafíčko	Derivative
kalhotky	Derivative
kamarádíček	Derivative
kamínka	Derivative
kanárek	Derivative
kapesníček	Derivative
kapička	Derivative
kaplička	Derivative
kapsička	Derivative
karkulka	Derivative
kartička	Derivative
kartáček	Derivative
kasička	Derivative
kačenka	Derivative
kašička	Derivative
keřík	Derivative
klacík	Derivative
kladívko	Derivative
klisnička	Derivative
klička	Derivative
klobouček	Derivative
klubíčko	Derivative
klíček	Derivative
knoflíček	Derivative
knížečka	Derivative
knížka	Derivative
kobereček	Derivative
koblížek	Derivative
kobylka	Derivative
kohoutek	Derivative
kolečko	Derivative
koláček	Derivative
kolínko	Derivative
kolíček	Derivative
koneček	Derivative
konvička	Derivative
koníček	Derivative
kopeček	Derivative
korunka	Derivative
korálek	Derivative
kostelík	Derivative
kostička	Derivative
kostka	Derivative
kostýmek	Derivative
kotlík	Derivative
kousíček	Derivative
koutek	Derivative
kozička	Derivative
kozlík	Derivative
kočička	Derivative
kočárek	Derivative
kořínek	Derivative
košilka	Derivative
košík	Derivative
košíček	Derivative
koťátko	Derivative
krabička	Derivative
krajinka	Derivative
kravička	Derivative
krevetka	Derivative
krkovička	Derivative
kroužek	Derivative
krvinka	Derivative
králík	Derivative
králíček	Derivative
krámek	Derivative
kráska	Derivative
krůček	Derivative
ksichtík	Derivative
kudlanka	Derivative
kudrlinka	Derivative
kufřík	Derivative
kundička	Derivative
kurvička	Derivative
kuřátko	Derivative
kvasinka	Derivative
kvítek	Derivative
květinka	Derivative
kytička	Derivative
kávička	Derivative
křemík	Derivative
křesílko	Derivative
křížek	Derivative
kůžička	Derivative
lahvička	Derivative
lahůdka	Derivative
lalůček	Derivative
lampička	Derivative
lanko	Derivative
lasička	Derivative
lavička	Derivative
laťka	Derivative
lebka	Derivative
lednička	Derivative
lepenka	Derivative
lesbička	Derivative
letenka	Derivative
letáček	Derivative
linka	Derivative
lodička	Derivative
lopatka	Derivative
loďka	Derivative
lupínek	Derivative
léčka	Derivative
límeček	Derivative
lžička	Derivative
maceška	Derivative
malinka	Derivative
malíček	Derivative
manžílek	Derivative
mapka	Derivative
mastička	Derivative
masíčko	Derivative
matinka	Derivative
matička	Derivative
mazlík	Derivative
mazlíček	Derivative
mašinka	Derivative
mašlička	Derivative
medvídek	Derivative
miláček	Derivative
miminko	Derivative
minutka	Derivative
mlíčko	Derivative
mlýnek	Derivative
modlitbička	Derivative
momentík	Derivative
morek	Derivative
moučka	Derivative
mozeček	Derivative
mraznička	Derivative
mrkvička	Derivative
mrtvička	Derivative
mráček	Derivative
mušlička	Derivative
mužík	Derivative
myška	Derivative
místečko	Derivative
míček	Derivative
městečko	Derivative
měsíček	Derivative
mřížka	Derivative
nadledvinka	Derivative
navštívenka	Derivative
nitka	Derivative
nosítka	Derivative
novinka	Derivative
nožička	Derivative
nožka	Derivative
nádobíčko	Derivative
nádržka	Derivative
náhodička	Derivative
náladička	Derivative
náčrtek	Derivative
obchůdek	Derivative
obleček	Derivative
obličejík	Derivative
obláček	Derivative
obroučka	Derivative
obrázek	Derivative
ochranka	Derivative
odznáček	Derivative
ohníček	Derivative
ohrádka	Derivative
okrsek	Derivative
okénko	Derivative
omluvenka	Derivative
opička	Derivative
oprátka	Derivative
oslík	Derivative
osmička	Derivative
ostrůvek	Derivative
ovečka	Derivative
oříšek	Derivative
pacička	Derivative
panenka	Derivative
panička	Derivative
panáček	Derivative
paprička	Derivative
papírek	Derivative
partička	Derivative
pastička	Derivative
pauzička	Derivative
pejsek	Derivative
pejsánek	Derivative
penízek	Derivative
perlička	Derivative
peřinka	Derivative
peříčko	Derivative
pikolík	Derivative
pilulka	Derivative
pivko	Derivative
pivoňka	Derivative
plamínek	Derivative
planetka	Derivative
plenka	Derivative
plotýnka	Derivative
plánek	Derivative
plátek	Derivative
pláštík	Derivative
pohnutka	Derivative
pokladnička	Derivative
poklička	Derivative
pokojík	Derivative
pokojíček	Derivative
polička	Derivative
polovička	Derivative
pomlčka	Derivative
pomůcka	Derivative
pondělek	Derivative
postavička	Derivative
postýlka	Derivative
potůček	Derivative
povolenka	Derivative
pořádek	Derivative
pradědeček	Derivative
pramínek	Derivative
praporek	Derivative
praporčík	Derivative
praprababička	Derivative
prasečinka	Derivative
prasátko	Derivative
prdelka	Derivative
princeznička	Derivative
princátko	Derivative
prkénko	Derivative
prkýnko	Derivative
problémek	Derivative
proužek	Derivative
provázek	Derivative
prstík	Derivative
prstíček	Derivative
prstýnek	Derivative
prácička	Derivative
prádelník	Derivative
prádélko	Derivative
prášek	Derivative
průsečík	Derivative
psaníčko	Derivative
psíček	Derivative
ptáčátko	Derivative
pudlík	Derivative
pumpička	Derivative
puntík	Derivative
pupínek	Derivative
pusinka	Derivative
puťka	Derivative
pánvička	Derivative
párek	Derivative
páreček	Derivative
páčka	Derivative
píseček	Derivative
písmenko	Derivative
písnička	Derivative
píšťalka	Derivative
pěstička	Derivative
připínáček	Derivative
přáníčko	Derivative
přípravka	Derivative
přístřešek	Derivative
přítelíček	Derivative
příšerka	Derivative
půlka	Derivative
ramínko	Derivative
rodinka	Derivative
rohožka	Derivative
rolička	Derivative
rolka	Derivative
románek	Derivative
rosnička	Derivative
rostlinka	Derivative
roubík	Derivative
roštěnka	Derivative
rukavička	Derivative
ručička	Derivative
ručka	Derivative
rybička	Derivative
rybka	Derivative
rybníček	Derivative
rámeček	Derivative
růžička	Derivative
sameček	Derivative
samička	Derivative
samotka	Derivative
sanitka	Derivative
schodek	Derivative
schránka	Derivative
schůzka	Derivative
scénka	Derivative
sedmikráska	Derivative
sedmička	Derivative
sekáček	Derivative
semínko	Derivative
sestřička	Derivative
skautík	Derivative
sklenička	Derivative
sklenka	Derivative
sklípek	Derivative
sklíčko	Derivative
skulinka	Derivative
skupinka	Derivative
skvrnka	Derivative
skřínka	Derivative
skřítek	Derivative
slepička	Derivative
slečinka	Derivative
sloupek	Derivative
sloupeček	Derivative
slovíčko	Derivative
slunko	Derivative
službička	Derivative
slzička	Derivative
slámka	Derivative
slůvko	Derivative
sodík	Derivative
sojka	Derivative
solnička	Derivative
součástka	Derivative
soška	Derivative
spalničky	Derivative
sponka	Derivative
srandička	Derivative
srnka	Derivative
stařenka	Derivative
stehýnko	Derivative
stolek	Derivative
stoleček	Derivative
stolička	Derivative
stravenka	Derivative
strojek	Derivative
stromek	Derivative
stromeček	Derivative
stránka	Derivative
strýček	Derivative
studentík	Derivative
stužka	Derivative
stvrzenka	Derivative
stánek	Derivative
střevíček	Derivative
střípek	Derivative
sumička	Derivative
svačinka	Derivative
svetřík	Derivative
svinčík	Derivative
svorka	Derivative
svíčka	Derivative
synek	Derivative
síťka	Derivative
tabletka	Derivative
tabulka	Derivative
taneček	Derivative
tatínek	Derivative
tatíček	Derivative
taxík	Derivative
taštička	Derivative
tetička	Derivative
titulek	Derivative
tkanička	Derivative
tlapka	Derivative
travka	Derivative
tretka	Derivative
tričko	Derivative
trojlístek	Derivative
trojúhelníček	Derivative
trošička	Derivative
troška	Derivative
trpajzlík	Derivative
trubička	Derivative
tvářička	Derivative
tykvička	Derivative
tyčka	Derivative
tácek	Derivative
tělíčko	Derivative
třešnička	Derivative
ubrousek	Derivative
uhlík	Derivative
ulička	Derivative
uplakánek	Derivative
vdoleček	Derivative
vesnička	Derivative
večírek	Derivative
vidlička	Derivative
vizitka	Derivative
vlnka	Derivative
vlásek	Derivative
vláček	Derivative
vodička	Derivative
vodka	Derivative
vodík	Derivative
vojáček	Derivative
volavka	Derivative
vozíček	Derivative
vrcholek	Derivative
vráska	Derivative
vrátka	Derivative
vršek	Derivative
vteřinka	Derivative
vzorek	Derivative
vábnička	Derivative
válek	Derivative
váleček	Derivative
vážka	Derivative
vínko	Derivative
víčko	Derivative
výhonek	Derivative
včelička	Derivative
včelka	Derivative
věcička	Derivative
vějička	Derivative
věneček	Derivative
větvička	Derivative
zadeček	Derivative
zahrádka	Derivative
zajíček	Derivative
zdravíčko	Derivative
zlatíčko	Derivative
zlodějíček	Derivative
zmrzka	Derivative
znaménko	Derivative
znamínko	Derivative
zornička	Derivative
zpěváček	Derivative
zrcátko	Derivative
zrnko	Derivative
záchodek	Derivative
záchranka	Derivative
zámeček	Derivative
zámotek	Derivative
zárodek	Derivative
zástěrka	Derivative
závorka	Derivative
úponka	Derivative
úšklebek	Derivative
čajíček	Derivative
čelenka	Derivative
čepička	Derivative
červík	Derivative
činka	Derivative
človíček	Derivative
článek	Derivative
čokoládka	Derivative
čubka	Derivative
čudlík	Derivative
částečka	Derivative
částka	Derivative
ďáblík	Derivative
řasenka	Derivative
ředkvička	Derivative
řemínek	Derivative
řepka	Derivative
řetízek	Derivative
škatulka	Derivative
školka	Derivative
špička	Derivative
šroubek	Derivative
štoček	Derivative
štěňátko	Derivative
šálek	Derivative
šálka	Derivative
šéfík	Derivative
šípek	Derivative
šňůrka	Derivative
žabička	Derivative
žebírko	Derivative
žebřík	Derivative
žebříček	Derivative
želvička	Derivative
želízka	Derivative
želízko	Derivative
ženuška	Derivative
žertík	Derivative
židlička	Derivative
živáček	Derivative
