ex-alumna	Derivative
abogada	Derivative
representante	Derivative
activista	Derivative
aficionado	Derivative
ellarquistas	Derivative
yvariedad	Derivative
anestesista	Derivative
antropóloga	Derivative
arqueóloga	Derivative
arquitecta	Derivative
aromaterapista	Derivative
asistente	Derivative
astronauta	Derivative
deportista	Derivative
autora	Unmotivated
banquera	Derivative
camarera	Derivative
barón	Unmotivated
bióloga	Derivative
idiota	Unmotivated
bloguera	Derivative
chica	Unmotivated
guerrera	Derivative
pistola	Derivative
patinadora	Derivative
baterista	Derivative
poeta	Unmotivated
corredor	Derivative
violonchelista	Derivative
aduanero	Derivative
quimico	Derivative
coreógrafa	Derivative
pupila	Unmotivated
extranjero	Derivative
adúltera	Derivative
repostería	Derivative
entrenadora	Compound
emperatriz	Derivative
narcotraficante	Derivative
diagnóstico	Derivative
loseta	Unmotivated
doctor	Unmotivated
casamentera	Derivative
dra	Unmotivated
portera	Derivative
tutor	Unmotivated
celadora	Derivative
zorra	Unmotivated
tipa	Unmotivated
doppelganger	Derivative
donante	Derivative
demonio	Derivative
heredera	Derivative
decano	Unmotivated
chica	Unmotivated
agente	Unmotivated
editora	Derivative
ex-mujer	Derivative
fan	Unmotivated
granjera	Derivative
homosexualesfeminista	Derivative
belleza	Derivative
drogadicto	Derivative
drag-queens	Compound
fotógrafa	Derivative
fisioterapeuta	Derivative
geóloga	Derivative
golfista	Derivative
gobernador	Derivative
gimnasta	Derivative
ginecóloga	Derivative
actriz	Unmotivated
presentadora	Derivative
búsqueda	Derivative
niñera	Unmotivated
oboe	Unmotivated
paloma	Unmotivated
persecución	Derivative
ama	Unmotivated
anfitriona	Derivative
anfitriona	Derivative
violinista	Derivative
condesa	Derivative
heroína	Derivative
jugadora	Derivative
músico	Unmotivated
pecador	Derivative
ilustradora	Derivative
india	Unmotivated
soplona	Derivative
inspector	Derivative
instructora	Derivative
residente	Derivative
ingeniera	Derivative
vidente	Derivative
estudiante	Derivative
amazona	Derivative
lagarto	Derivative
erizo	Unmotivated
peluquera	Derivative
amiga	Unmotivated
camarógrafa	Derivative
capitana	Derivative
pato	Unmotivated
clientela	Derivative
cliente	Derivative
nieta	Unmotivated
biblioteca	Derivative
sacerdotisa	Derivative
colega	Unmotivated
comisaria	Derivative
diputada	Derivative
competencia	Derivative
coordinadora	Derivative
maga	Unmotivated
vaquera	Derivative
licor	Unmotivated
mujer	Unmotivated
patinadora	Derivative
criminóloga	Derivative
rob贸	Unmotivated
cristal	Derivative
libro	Unmotivated
comisaria	Derivative
bolo	Unmotivated
florista	Derivative
fiesta	Unmotivated
derecha	Derivative
miento	Unmotivated
cazador	Derivative
médico	Unmotivated
curandera	Derivative
dueña	Unmotivated
pintora	Derivative
manicura	Derivative
esposa	Unmotivated
maquillaje	Derivative
maniac	Unmotivated
masajista	Derivative
osa	Unmotivated
mentora	Derivative
amante	Unmotivated
ama	Unmotivated
secretaria	Derivative
modelo	Unmotivated
presentadora	Derivative
overol	Unmotivated
motocicleta	Derivative
cantante	Derivative
mártir	Unmotivated
unanazi	Derivative
bobo	Unmotivated
droga	Unmotivated
notario	Derivative
periodista	Derivative
esposa	Unmotivated
carne--	Compound
alquiler	Derivative
inquilina	Derivative
vicesecretaria	Derivative
sustitución	Derivative
diseñadora	Derivative
negocio	Derivative
admirador	Derivative
defensa	Derivative
favorita	Derivative
residente	Derivative
defensora	Derivative
especialista	Derivative
rifle	Unmotivated
canguro	Derivative
tutora	Unmotivated
operadora	Derivative
coordinadora	Derivative
cumpleañera	Derivative
apertura	Derivative
esclava	Derivative
cuidado	Derivative
conciencia	Derivative
baqueta	Derivative
vírgén	Unmotivated
monarca	Derivative
sra	Unmotivated
nota	Unmotivated
pareja	Unmotivated
pareja	Unmotivated
pasajera	Derivative
lápiz	Unmotivated
pastora	Derivative
patóloga	Derivative
patrona	Derivative
pediatra	Derivative
pastelera	Derivative
cuidadora	Derivative
pianista	Derivative
pierogie	Derivative
nadadora	Derivative
zorra	Unmotivated
empresaria	Derivative
impostora	Derivative
caja	Unmotivated
policía	Derivative
agente	Unmotivated
política	Derivative
ayuda	Unmotivated
consejera	Derivative
paxton	Unmotivated
oyente	Unmotivated
problema	Derivative
asistente	Derivative
asistente	Derivative
derechazo	Derivative
ministra	Derivative
presidenta	Derivative
princesa	Derivative
vendedor	Derivative
productora	Derivative
profesora	Derivative
distrino	Derivative
prostituta	Derivative
estudiante	Derivative
abogado	Derivative
abogada	Derivative
pionera	Derivative
psicóloga	Derivative
sociópata	Derivative
terapeuta	Derivative
niña	Unmotivated
publicista	Derivative
mojigata	Derivative
mecanógrafa	Derivative
cantante	Derivative
predecesora	Derivative
presidenta	Derivative
intérprete	Derivative
cazavampiro	Derivative
novia	Unmotivated
editora	Derivative
regente	Derivative
periodista	Derivative
residente	Derivative
animador	Derivative
hembra	Unmotivated
corista	Derivative
coleccionista	Derivative
escritora	Derivative
secretaria	Derivative
senador	Derivative
explorador	Derivative
compositora	Derivative
sirvienta	Derivative
prometida	Derivative
jueza	Unmotivated
lado	Unmotivated
especialista	Derivative
operadora	Derivative
compañero	Derivative
pasajera	Derivative
colega	Unmotivated
estudiante	Derivative
deportista	Derivative
alcaldesa	Derivative
taquígrafa	Derivative
autoestopista	Derivative
bailarina	Derivative
guardiana	Derivative
hopps	Unmotivated
estudiante	Derivative
creador	Derivative
examen	Unmotivated
práctica	Derivative
estudiante	Derivative
tirador	Derivative
superheroína	Derivative
supermodelo	Derivative
boda	Unmotivated
honor	Unmotivated
cargo	Unmotivated
tentación	Derivative
tentación	Derivative
secretario	Derivative
agria-loca	Compound
tenista	Derivative
terapeuta	Derivative
terrorista	Derivative
redactora	Derivative
intérprete	Derivative
drunky-chunky	Compound
entrenadora	Compound
enana	Unmotivated
tubo	Unmotivated
tubo	Unmotivated
vagabunda	Derivative
turista	Derivative
lápiz	Unmotivated
candidato	Derivative
ayuda	Unmotivated
arte	Unmotivated
fugada	Unmotivated
aprendíz	Derivative
profesora	Derivative
jefe	Unmotivated
embajadora	Derivative
campo	Unmotivated
veterinario	Derivative
vicepresidenta	Derivative
reina	Unmotivated
colinabo	Derivative
área	Unmotivated
voleibolista	Derivative
asesinato	Derivative
institutriz	Derivative
editora	Derivative
estudiante	Derivative
investigador	Derivative
ganador	Derivative
ciencia	Derivative
oracle	Unmotivated
vidente	Derivative
líder	Unmotivated
jardinería	Derivative
prisionero	Derivative
fundador	Derivative
maternidad	Derivative
empleadora	Derivative
taquígrafa	Derivative
arsenal	Derivative
médico	Unmotivated
cazafortuna	Derivative
ladrona	Derivative
cantante	Derivative
pelirrojo	Derivative
traidor	Derivative
dentista	Derivative
espía	Unmotivated
ambulanciera	Derivative
mujer	Unmotivated
mexicana-americano	Compound
representante	Derivative
secuestradora	Derivative
atacante	Derivative
alegaciones	Derivative
bruja	Unmotivated
bruja	Unmotivated
color	Unmotivated
comisión	Derivative
lectora	Derivative
camarera	Derivative
diablesa	Derivative
directora	Derivative
conductora	Derivative
pieza	Unmotivated
guardarropa	Derivative
comisario	Derivative
colegiala	Derivative
espionaje	Derivative
pincel	Unmotivated
jefa	Unmotivated
cocina	Unmotivated
jefa	Unmotivated
editora	Derivative
demandante	Derivative
mendiga	Derivative
judío	Unmotivated
periodista	Derivative
estudiante	Derivative
